{"type":"Design","zone":null,"children":[{"type":"Page","properties":{"id":"page1"},"children":[{"type":"Header","zone":"top","properties":{"text":"Ardussivel","position":"fixed","theme":"b"}},{"type":"Content","zone":"content","children":[{"type":"Collapsible","properties":{"heading":"Lâmpada","theme":"b"},"children":[{"type":"Button","properties":{"text":"Ligar","id":"btnLigarLampada"}},{"type":"Button","properties":{"text":"Desligar","id":"btnDesligarLampada"}}]},{"type":"Collapsible","properties":{"heading":"Ar Condicionado","theme":"b"},"children":[{"type":"Button","properties":{"text":"Ligar","id":"btnLigarArCondicionado"}},{"type":"Button","properties":{"text":"Desligar","id":"btnDesligarArCondicionado"}}]},{"type":"Collapsible","properties":{"heading":"Televisor","theme":"b"},"children":[{"type":"Button","properties":{"text":"Ligar","id":"btnLigarTelevisor"}},{"type":"Button","properties":{"text":"Desligar","id":"btnDesligarTelevisor"}}]},{"type":"Collapsible","properties":{"heading":"Portão da Garagem","theme":"b"},"children":[{"type":"Button","properties":{"text":"Abrir","id":"btnAbrirPortao"}},{"type":"Button","properties":{"text":"Fechar","id":"btnFecharPortao"}}]}]},{"type":"Footer","zone":"bottom","properties":{"position":"fixed","theme":"b","text":""},"children":[{"type":"Navbar","children":[{"type":"Button","properties":{"icon":"search","text":"Comando de Voz","id":"btnVoz"}}]}]}]}],"pInfo":{"name":"Untitled","accessDate":1441799157629,"device":{"name":"Phones","screenWidth":"320","screenHeight":"480","rotating":false}}}